frame,obj_id,x,y
0,1,150.11111111111111,2.888888888888889
0,2,28.714285714285715,4.3428571428571425
0,3,137.91304347826087,4.608695652173913
0,4,120.5,6.5
0,5,11.38888888888889,6.555555555555555
0,6,84.61111111111111,8.277777777777779
0,7,65.825,11.025
0,8,172.57692307692307,11.307692307692308
0,9,44.833333333333336,11.952380952380953
0,10,183.92,11.44
0,11,99.48148148148148,15.407407407407407
0,12,142.5,14.0
0,13,114.21875,17.3125
0,14,135.34615384615384,16.423076923076923
0,15,157.08695652173913,17.391304347826086
0,16,27.307692307692307,21.384615384615383
0,17,142.0,21.807692307692307
0,18,84.04545454545455,23.727272727272727
0,19,120.81481481481481,25.25925925925926
0,20,156.19444444444446,27.805555555555557
0,21,171.1,26.933333333333334
0,22,74.33333333333333,28.333333333333332
0,23,10.584905660377359,29.264150943396228
0,24,65.68,29.36
0,25,91.26315789473684,31.157894736842106
0,26,44.93617021276596,36.48936170212766
0,27,114.93548387096774,35.354838709677416
0,28,130.47619047619048,36.642857142857146
0,29,147.64864864864865,35.75675675675676
0,30,20.4,38.0
0,31,26.451612903225808,37.45161290322581
0,32,97.66666666666667,39.03030303030303
0,33,77.84615384615384,41.5
0,34,34.51162790697674,41.23255813953488
0,35,70.25925925925925,42.48148148148148
0,36,170.4814814814815,44.407407407407405
0,37,148.77777777777777,45.148148148148145
0,38,11.727272727272727,45.15151515151515
0,39,83.16666666666667,47.4
0,40,125.18181818181819,48.0
0,41,34.38709677419355,51.12903225806452
0,42,97.4,52.15
0,43,119.82758620689656,51.89655172413793
0,44,24.533333333333335,52.333333333333336
0,45,139.8709677419355,52.83870967741935
0,46,158.8695652173913,53.43478260869565
0,47,28.958333333333332,59.791666666666664
0,48,97.5,58.42307692307692
0,49,115.17241379310344,58.689655172413794
0,50,131.66666666666666,61.083333333333336
0,51,149.32142857142858,62.285714285714285
0,52,48.87096774193548,62.83870967741935
0,53,34.629629629629626,64.5925925925926
0,54,15.025,65.725
0,55,57.84615384615385,65.46153846153847
0,56,116.06896551724138,65.79310344827586
0,57,88.18181818181819,68.24242424242425
0,58,77.24137931034483,72.89655172413794
0,59,71.65714285714286,75.22857142857143
0,60,113.6829268292683,75.65853658536585
0,61,142.46428571428572,75.78571428571429
0,62,157.41379310344828,75.93103448275862
0,63,175.725,76.925
0,64,51.54054054054054,76.91891891891892
0,65,8.653846153846153,77.11538461538461
0,66,93.96774193548387,77.87096774193549
0,67,24.107142857142858,78.71428571428571
0,68,129.93333333333334,80.9
0,69,15.074074074074074,85.37037037037037
0,70,79.42553191489361,84.74468085106383
0,71,168.925,86.525
0,72,104.96363636363637,88.52727272727273
0,73,183.8846153846154,88.15384615384616
0,74,121.4375,91.45833333333333
0,75,90.08695652173913,90.34782608695652
0,76,142.38235294117646,92.79411764705883
0,77,56.51428571428571,95.6
0,78,111.75,98.4375
0,79,100.5,101.5
0,80,168.10344827586206,100.75862068965517
0,81,86.26666666666667,102.63333333333334
0,82,69.94594594594595,103.56756756756756
0,83,22.724137931034484,105.37931034482759
0,84,33.44117647058823,107.97058823529412
0,85,80.39285714285714,108.39285714285714
0,86,158.2,108.05
0,87,185.44827586206895,110.37931034482759
0,88,95.6,111.04
0,89,167.58823529411765,110.88235294117646
0,90,8.925925925925926,116.5925925925926
0,91,141.62962962962962,125.20370370370371
0,92,160.04545454545453,119.22727272727273
0,93,105.45454545454545,122.65454545454546
0,94,58.42424242424242,123.42424242424242
0,95,74.39285714285714,123.82142857142857
0,96,162.85714285714286,128.33333333333334
0,97,37.91891891891892,129.2972972972973
0,98,149.07407407407408,130.55555555555554
0,99,91.078125,132.375
0,100,111.58620689655173,130.89655172413794
0,101,141.14285714285714,131.57142857142858
0,102,14.808510638297872,134.19148936170214
0,103,60.0,137.5
0,104,71.25,138.83333333333334
0,105,168.43478260869566,138.6086956521739
0,106,122.61363636363636,142.1818181818182
0,107,45.166666666666664,143.06666666666666
0,108,83.05405405405405,143.40540540540542
0,109,35.1875,143.875
0,110,108.57575757575758,144.45454545454547
0,111,14.0,150.125
0,112,172.57142857142858,151.42857142857142
0,113,54.40909090909091,151.0
0,114,127.36,151.68
0,115,144.43478260869566,151.47826086956522
0,116,68.86206896551724,155.0
0,117,160.71428571428572,153.57142857142858
0,118,91.15384615384616,155.53846153846155
0,119,178.23809523809524,156.38095238095238
0,120,98.86363636363636,157.72727272727272
0,121,115.08333333333333,157.91666666666666
0,122,49.09090909090909,159.42424242424244
0,123,151.2051282051282,160.56410256410257
0,124,30.95,164.1
0,125,20.75,164.05
0,126,87.33333333333333,167.66666666666666
0,127,107.32432432432432,166.54054054054055
0,128,139.83333333333334,167.06666666666666
0,129,46.5,167.5
0,130,72.55555555555556,167.30555555555554
0,131,7.321428571428571,168.85714285714286
0,132,58.5,170.83333333333334
0,133,123.76,172.44
0,134,12.0,177.1818181818182
0,135,111.5,178.5
0,136,171.60714285714286,178.35714285714286
0,137,43.84848484848485,180.57575757575756
0,138,68.96875,181.34375
0,139,147.32142857142858,183.03571428571428
0,140,158.75,182.21428571428572
0,141,100.39393939393939,185.3030303030303
0,142,55.0,185.8846153846154
0,143,46.5,186.63333333333333
0,144,89.11538461538461,186.84615384615384
1,1,142.24444444444444,2.8
1,2,20.5625,4.5625
1,3,130.8695652173913,4.217391304347826
1,4,111.96551724137932,5.793103448275862
1,5,1.8125,6.0625
1,6,74.5,8.5
1,7,57.55555555555556,10.6
1,8,165.0,12.961538461538462
1,9,36.325,11.925
1,10,175.8,14.24
1,11,82.5,21.5
1,12,134.6153846153846,12.384615384615385
1,13,106.06451612903226,16.387096774193548
1,14,126.75862068965517,17.137931034482758
1,15,148.8181818181818,17.59090909090909
1,16,19.103448275862068,20.75862068965517
1,17,134.3913043478261,21.434782608695652
1,18,82.63636363636364,21.318181818181817
1,19,111.84,25.16
1,20,146.9142857142857,26.685714285714287
1,21,163.07407407407408,27.40740740740741
1,22,67.91304347826087,29.52173913043478
1,23,2.1785714285714284,29.285714285714285
1,24,60.25925925925926,30.11111111111111
1,25,83.87179487179488,31.794871794871796
1,26,37.05,36.15
1,27,107.0,35.458333333333336
1,28,122.69444444444444,37.416666666666664
1,29,140.1818181818182,36.36363636363637
1,30,11.966666666666667,38.166666666666664
1,31,18.071428571428573,37.07142857142857
1,32,89.0,39.0
1,33,68.77777777777777,42.851851851851855
1,34,27.5,41.19047619047619
1,35,61.23809523809524,40.666666666666664
1,36,160.9655172413793,43.13793103448276
1,37,142.36,44.56
1,38,4.0,45.1025641025641
1,39,75.14814814814815,46.888888888888886
1,40,116.12,47.04
1,41,27.517241379310345,51.93103448275862
1,42,90.6842105263158,50.973684210526315
1,43,109.85714285714286,51.214285714285715
1,44,18.157894736842106,54.1578947368421
1,45,132.09375,52.0625
1,46,148.42105263157896,54.421052631578945
1,47,21.862068965517242,61.48275862068966
1,48,87.48,58.88
1,49,106.70967741935483,58.61290322580645
1,50,122.15789473684211,60.078947368421055
1,51,141.36363636363637,60.5
1,52,40.88235294117647,63.05882352941177
1,53,26.178571428571427,64.21428571428571
1,54,5.783783783783784,65.8108108108108
1,55,52.233333333333334,64.2
1,56,105.62068965517241,64.44827586206897
1,57,79.55555555555556,68.33333333333333
1,58,68.4375,70.8125
1,59,64.67647058823529,75.26470588235294
1,60,104.02702702702703,76.16216216216216
1,61,134.57894736842104,73.36842105263158
1,62,150.57575757575756,75.42424242424242
1,63,167.26829268292684,76.90243902439025
1,64,43.29032258064516,76.70967741935483
1,65,1.1875,76.8125
1,66,85.3125,77.96875
1,67,15.538461538461538,78.5
1,68,121.94285714285714,79.42857142857143
1,69,6.448275862068965,85.62068965517241
1,70,71.62,84.22
1,71,161.22222222222223,86.58333333333333
1,72,96.75471698113208,87.88679245283019
1,73,175.5,87.0
1,74,112.65306122448979,91.36734693877551
1,75,82.5,89.875
1,76,140.0,92.11764705882354
1,77,48.45945945945946,96.64864864864865
1,78,106.89473684210526,100.57894736842105
1,79,91.54347826086956,99.8695652173913
1,80,158.88888888888889,99.14814814814815
1,81,75.89285714285714,98.92857142857143
1,82,61.82857142857143,103.8
1,83,14.6,105.5
1,84,25.675675675675677,108.16216216216216
1,85,72.06896551724138,108.20689655172414
1,86,150.5909090909091,107.77272727272727
1,87,177.20833333333334,110.70833333333333
1,88,88.1,110.7
1,89,162.43478260869566,108.6086956521739
1,90,1.3333333333333333,117.0
1,91,133.67961165048544,124.84466019417475
1,92,152.875,119.33333333333333
1,93,97.6470588235294,123.17647058823529
1,94,51.34285714285714,120.4
1,95,67.34375,122.96875
1,96,153.57142857142858,128.46428571428572
1,97,29.236842105263158,129.76315789473685
1,98,142.44,129.12
1,99,83.14754098360656,131.62295081967213
1,100,103.10344827586206,130.48275862068965
1,101,133.16666666666666,130.63888888888889
1,102,6.163265306122449,133.6530612244898
1,103,50.57142857142857,134.42857142857142
1,104,62.5,139.0
1,105,162.44,138.8
1,106,114.41025641025641,141.94871794871796
1,107,35.63333333333333,143.63333333333333
1,108,74.44827586206897,142.6206896551724
1,109,27.214285714285715,143.32142857142858
1,110,100.46666666666667,144.33333333333334
1,111,4.4,148.76
1,112,163.41666666666666,150.75
1,113,45.2962962962963,151.59259259259258
1,114,121.4,151.5
1,115,136.2608695652174,153.2173913043478
1,116,60.333333333333336,154.55555555555554
1,117,152.5,153.0
1,118,80.33333333333333,156.40740740740742
1,119,168.57142857142858,156.57142857142858
1,120,90.76923076923077,158.53846153846155
1,121,107.07407407407408,158.59259259259258
1,122,40.94117647058823,159.2058823529412
1,123,142.82857142857142,161.4857142857143
1,124,21.321428571428573,163.42857142857142
1,125,11.1,169.9
1,126,79.67567567567568,167.05405405405406
1,127,99.21621621621621,166.54054054054055
1,128,131.25,166.75
1,129,41.1875,166.75
1,130,64.58823529411765,168.2941176470588
1,131,0.0,170.0
1,132,50.5,169.83333333333334
1,133,115.03703703703704,174.66666666666666
1,134,12.821428571428571,177.78571428571428
1,135,103.79310344827586,178.68965517241378
1,136,164.59259259259258,178.96296296296296
1,137,35.84848484848485,180.63636363636363
1,138,60.256410256410255,181.89743589743588
1,139,139.02941176470588,182.2941176470588
1,140,150.82857142857142,181.6
1,141,92.3,185.9
1,142,46.65625,186.0
1,143,37.29032258064516,186.4516129032258
1,144,81.0,186.67857142857142
2,2,18.583333333333332,4.138888888888889
2,3,129.0,3.903225806451613
2,4,111.25,5.785714285714286
2,5,0.3333333333333333,6.333333333333333
2,6,69.91666666666667,7.833333333333333
2,7,54.23913043478261,9.934782608695652
2,8,162.5,12.428571428571429
2,9,34.404761904761905,12.071428571428571
2,10,173.66666666666666,14.80952380952381
2,12,131.53846153846155,12.615384615384615
2,13,103.22222222222223,16.22222222222222
2,14,128.91666666666666,4.055555555555555
2,15,146.0,17.5
2,16,16.61764705882353,20.705882352941178
2,17,131.8846153846154,21.076923076923077
2,19,103.15384615384616,16.346153846153847
2,20,131.88,21.0
2,21,160.0,26.655172413793103
2,22,63.6,28.4
2,24,57.86206896551724,30.448275862068964
2,25,82.02702702702703,31.945945945945947
2,26,35.40909090909091,36.04545454545455
2,27,103.3103448275862,36.3448275862069
2,28,120.25641025641026,38.48717948717949
2,29,135.91176470588235,35.911764705882355
2,30,9.28125,37.96875
2,31,16.433333333333334,35.833333333333336
2,32,82.18181818181819,32.03030303030303
2,33,66.0,43.0
2,34,25.61904761904762,40.595238095238095
2,35,58.65384615384615,38.84615384615385
2,36,158.875,44.041666666666664
2,37,142.6086956521739,43.43478260869565
2,38,2.84375,45.78125
2,39,72.23333333333333,46.2
2,40,111.45833333333333,46.833333333333336
2,41,27.0,52.4375
2,42,89.20930232558139,51.13953488372093
2,43,106.03703703703704,50.148148148148145
2,44,16.4,54.6
2,45,132.48,50.76
2,46,147.76,52.52
2,47,20.571428571428573,61.61904761904762
2,48,85.35714285714286,59.42857142857143
2,49,70.5,24.375
2,49,74.0,25.5
2,49,82.22222222222223,31.88888888888889
2,50,121.25714285714285,59.285714285714285
2,51,137.2962962962963,59.925925925925924
2,52,39.096774193548384,63.0
2,53,24.205882352941178,64.5
2,54,3.4358974358974357,66.41025641025641
2,55,50.074074074074076,63.55555555555556
2,56,101.61290322580645,63.70967741935484
2,57,76.70967741935483,68.35483870967742
2,58,64.48484848484848,69.75757575757575
2,59,62.23076923076923,74.0
2,60,99.86486486486487,76.29729729729729
2,61,121.32352941176471,59.35294117647059
2,62,148.66666666666666,74.3
2,63,164.97297297297297,75.62162162162163
2,64,41.24242424242424,76.57575757575758
2,66,83.28571428571429,77.57142857142857
2,67,13.0,78.5
2,68,118.33333333333333,79.03030303030303
2,69,3.103448275862069,85.34482758620689
2,70,69.65306122448979,83.83673469387755
2,71,159.58823529411765,85.91176470588235
2,72,93.85,87.16666666666667
2,73,172.5,85.14285714285714
2,74,109.01960784313725,92.43137254901961
2,75,80.0,89.61538461538461
2,76,137.88571428571427,92.22857142857143
2,77,45.432432432432435,97.75675675675676
2,78,104.78260869565217,98.8695652173913
2,79,89.17948717948718,98.28205128205128
2,80,157.04,98.16
2,81,74.5,100.5
2,82,58.794117647058826,103.82352941176471
2,83,12.1,105.33333333333333
2,84,23.128205128205128,108.84615384615384
2,85,69.5,106.78571428571429
2,86,148.56521739130434,107.08695652173913
2,87,174.59259259259258,109.33333333333333
2,88,85.88235294117646,110.58823529411765
2,89,161.1851851851852,107.77777777777777
2,91,131.55882352941177,124.36274509803921
2,92,152.04347826086956,117.26086956521739
2,93,95.78181818181818,123.12727272727273
2,94,48.96774193548387,117.80645161290323
2,95,65.36666666666666,122.2
2,96,153.30769230769232,129.96153846153845
2,97,26.846153846153847,129.6153846153846
2,98,145.62962962962962,124.14814814814815
2,99,80.96825396825396,131.03174603174602
2,100,100.70967741935483,129.5483870967742
2,101,131.17073170731706,129.6829268292683
2,102,4.658536585365853,133.17073170731706
2,103,49.42857142857143,134.38095238095238
2,104,49.42857142857143,134.38095238095238
2,105,159.82758620689654,139.89655172413794
2,106,111.70454545454545,142.0
2,107,32.0,144.11764705882354
2,108,71.4375,142.53125
2,109,22.96875,144.875
2,110,98.88235294117646,143.85294117647058
2,112,163.5,150.42857142857142
2,113,41.285714285714285,151.60714285714286
2,114,119.65384615384616,157.0
2,115,134.24137931034483,152.58620689655172
2,116,57.44444444444444,154.11111111111111
2,117,150.44,153.12
2,118,77.7,156.86666666666667
2,119,164.5,157.0
2,120,87.03571428571429,157.57142857142858
2,121,104.96153846153847,158.30769230769232
2,122,38.853658536585364,158.9512195121951
2,123,140.23529411764707,161.1764705882353
2,124,18.21212121212121,160.21212121212122
2,126,77.21621621621621,166.67567567567568
2,127,96.83333333333333,167.05555555555554
2,128,129.0,167.5
2,129,37.645161290322584,166.80645161290323
2,130,63.25,168.80555555555554
2,132,47.57142857142857,169.88571428571427
2,133,112.33333333333333,175.375
2,135,102.24242424242425,178.66666666666666
2,136,162.79310344827587,178.6206896551724
2,137,33.833333333333336,180.88888888888889
2,138,56.94871794871795,182.56410256410257
2,139,137.34285714285716,181.45714285714286
2,140,149.02941176470588,181.91176470588235
2,141,89.42424242424242,183.84848484848484
2,142,44.029411764705884,184.11764705882354
2,143,33.833333333333336,187.03333333333333
2,144,79.06666666666666,186.3
3,3,128.92592592592592,3.5925925925925926
3,4,109.43333333333334,5.833333333333333
3,6,69.07142857142857,7.857142857142857
3,7,52.61538461538461,9.076923076923077
3,8,162.1290322580645,14.709677419354838
3,9,34.054054054054056,11.864864864864865
3,10,173.71428571428572,15.571428571428571
3,12,131.2,16.0
3,13,102.24137931034483,16.20689655172414
3,14,129.04,3.76
3,15,145.21052631578948,17.94736842105263
3,16,15.882352941176471,20.735294117647058
3,17,133.0344827586207,20.82758620689655
3,19,102.37037037037037,16.25925925925926
3,20,122.0,18.25925925925926
3,20,106.0,20.0
3,21,158.0,25.76923076923077
3,22,57.1875,24.5
3,24,55.16129032258065,31.258064516129032
3,25,83.43589743589743,32.333333333333336
3,26,35.644444444444446,36.75555555555555
3,27,102.70967741935483,37.0
3,28,119.69444444444444,39.27777777777778
3,29,135.0,35.666666666666664
3,30,8.666666666666666,38.02777777777778
3,31,16.205882352941178,35.588235294117645
3,32,83.48571428571428,32.08571428571429
3,33,64.89285714285714,44.392857142857146
3,34,25.19298245614035,41.526315789473685
3,35,57.51851851851852,39.148148148148145
3,36,162.57692307692307,44.76923076923077
3,37,145.36363636363637,43.31818181818182
3,38,2.48,46.6
3,39,71.3125,46.34375
3,40,109.08695652173913,45.04347826086956
3,41,28.17142857142857,52.77142857142857
3,42,87.08823529411765,51.911764705882355
3,43,105.92307692307692,49.80769230769231
3,44,14.5,55.5
3,45,130.56666666666666,51.93333333333333
3,46,149.40740740740742,53.22222222222222
3,47,22.923076923076923,62.98076923076923
3,48,85.0625,60.0625
3,50,120.97222222222223,59.52777777777778
3,51,136.30769230769232,60.76923076923077
3,52,39.25,64.15625
3,53,23.666666666666668,63.642857142857146
3,54,2.5,66.5
3,55,48.53846153846154,63.23076923076923
3,56,100.86486486486487,63.21621621621622
3,57,74.76470588235294,68.17647058823529
3,58,61.266666666666666,68.26666666666667
3,59,60.85,73.3
3,60,98.41025641025641,77.02564102564102
3,61,120.91428571428571,59.457142857142856
3,62,148.9655172413793,74.13793103448276
3,63,165.64102564102564,75.1025641025641
3,64,40.57575757575758,76.57575757575758
3,66,82.42857142857143,77.28571428571429
3,67,12.538461538461538,77.88461538461539
3,68,116.58974358974359,78.8974358974359
3,69,2.896551724137931,85.10344827586206
3,70,68.72549019607843,84.41176470588235
3,71,159.91666666666666,85.75
3,72,93.01724137931035,86.51724137931035
3,73,172.5151515151515,85.75757575757575
3,74,107.5,93.21153846153847
3,75,76.62068965517241,90.44827586206897
3,76,134.72222222222223,92.30555555555556
3,77,57.0,103.5
3,78,101.85,99.45
3,79,89.37142857142857,97.65714285714286
3,80,156.91666666666666,97.79166666666667
3,81,76.5,104.0
3,82,57.0,103.5
3,83,11.407407407407407,105.74074074074075
3,84,22.7027027027027,110.62162162162163
3,85,68.78260869565217,107.43478260869566
3,86,148.33333333333334,105.85714285714286
3,87,174.0344827586207,107.37931034482759
3,88,85.69565217391305,110.73913043478261
3,89,161.0,107.14285714285714
3,91,131.2,124.30526315789474
3,92,154.2608695652174,114.0
3,93,96.72549019607843,123.15686274509804
3,95,63.92857142857143,120.85714285714286
3,96,155.0,130.0
3,97,26.23076923076923,130.71794871794873
3,98,145.9655172413793,123.58620689655173
3,99,80.91176470588235,130.89705882352942
3,100,100.25,128.71875
3,101,130.97435897435898,129.28205128205127
3,102,6.0,133.0
3,103,46.78947368421053,138.10526315789474
3,104,46.76470588235294,137.94117647058823
3,105,160.25,138.75
3,106,111.86363636363636,141.9318181818182
3,107,30.0,146.5
3,108,70.44827586206897,143.3793103448276
3,109,20.727272727272727,147.54545454545453
3,110,98.71875,143.75
3,112,165.35714285714286,150.53571428571428
3,113,39.62068965517241,152.44827586206895
3,114,116.92,155.56
3,115,133.3448275862069,150.6551724137931
3,116,56.17857142857143,153.89285714285714
3,117,149.57142857142858,153.38095238095238
3,118,75.71428571428571,156.5
3,119,163.44,157.76
3,120,86.8076923076923,157.6153846153846
3,121,104.65217391304348,156.91304347826087
3,122,38.86046511627907,158.97674418604652
3,123,139.2941176470588,161.44117647058823
3,124,15.916666666666666,158.63888888888889
3,126,76.64864864864865,166.59459459459458
3,127,96.97142857142858,167.57142857142858
3,128,129.07142857142858,167.78571428571428
3,129,36.62068965517241,166.44827586206895
3,130,63.088235294117645,169.44117647058823
3,132,47.875,171.0625
3,133,111.56,175.88
3,135,102.0,179.0
3,136,162.96774193548387,178.58064516129033
3,137,32.0,181.8
3,138,55.921052631578945,183.3421052631579
3,139,137.78125,181.34375
3,140,148.77142857142857,182.0857142857143
3,141,88.41935483870968,183.3548387096774
3,142,43.47222222222222,182.86111111111111
3,143,32.4,186.96
3,144,79.0,186.67857142857142
4,3,128.73076923076923,3.3461538461538463
4,4,110.61764705882354,7.764705882352941
4,6,69.92857142857143,6.857142857142857
4,7,51.8235294117647,9.96078431372549
4,8,161.95652173913044,16.652173913043477
4,9,33.023809523809526,11.666666666666666
4,10,173.66666666666666,15.62962962962963
4,12,129.47058823529412,15.352941176470589
4,13,102.96428571428571,16.035714285714285
4,15,144.8095238095238,18.047619047619047
4,16,15.848484848484848,20.848484848484848
4,17,134.25,20.6875
4,19,102.92307692307692,16.115384615384617
4,21,157.68965517241378,24.448275862068964
4,22,48.76923076923077,23.846153846153847
4,24,53.40625,31.125
4,25,84.61538461538461,32.30769230769231
4,26,36.47727272727273,36.86363636363637
4,27,101.88,37.56
4,28,119.97435897435898,38.97435897435897
4,29,134.12820512820514,34.92307692307692
4,30,7.161290322580645,37.774193548387096
4,31,16.107142857142858,35.285714285714285
4,32,84.63157894736842,32.23684210526316
4,33,64.13333333333334,47.3
4,34,24.933333333333334,42.08888888888889
4,35,59.1,40.03333333333333
4,36,164.32258064516128,47.193548387096776
4,37,147.5,42.708333333333336
4,38,2.1363636363636362,47.36363636363637
4,39,71.3125,45.71875
4,40,110.0,41.15384615384615
4,41,29.46875,53.75
4,42,84.73684210526316,53.71052631578947
4,43,108.0,51.89655172413793
4,44,13.068965517241379,57.06896551724138
4,45,131.94117647058823,51.35294117647059
4,46,148.75,53.416666666666664
4,47,22.88888888888889,62.333333333333336
4,48,87.29032258064517,60.41935483870968
4,50,120.69444444444444,59.97222222222222
4,51,136.24,60.84
4,52,39.529411764705884,64.6470588235294
4,53,23.666666666666668,62.642857142857146
4,54,1.8571428571428572,66.57142857142857
4,55,48.92857142857143,62.107142857142854
4,56,101.5,62.84375
4,57,74.0,67.91891891891892
4,58,59.0,67.5
4,59,59.725,73.4
4,60,98.21621621621621,77.54054054054055
4,61,120.69444444444444,59.97222222222222
4,62,150.27272727272728,74.39393939393939
4,63,166.0909090909091,75.13636363636364
4,64,39.774193548387096,76.80645161290323
4,66,81.39393939393939,76.93939393939394
4,67,11.833333333333334,77.06666666666666
4,68,116.0,78.66666666666667
4,69,2.4411764705882355,85.05882352941177
4,70,68.18867924528301,84.94339622641509
4,71,160.225,85.7
4,72,93.33333333333333,86.96825396825396
4,73,172.5151515151515,85.9090909090909
4,74,106.83636363636364,93.83636363636364
4,75,72.3157894736842,91.0
4,76,134.0,90.08823529411765
4,77,56.138888888888886,103.38888888888889
4,78,99.45833333333333,97.83333333333333
4,79,88.4,97.57142857142857
4,80,157.54166666666666,97.41666666666667
4,81,76.44,104.08
4,81,71.0,106.0
4,82,56.21621621621622,103.32432432432432
4,83,10.451612903225806,105.29032258064517
4,84,23.03030303030303,114.12121212121212
4,85,69.8,107.1
4,86,148.52173913043478,105.34782608695652
4,87,173.6875,106.34375
4,88,85.52,110.6
4,89,160.83870967741936,106.7741935483871
4,91,131.45544554455446,123.82178217821782
4,92,153.63636363636363,113.5
4,93,97.11111111111111,122.64814814814815
4,95,64.0,118.5
4,96,158.0,131.0
4,97,25.583333333333332,132.0
4,98,146.58620689655172,127.41379310344827
4,99,80.63492063492063,131.04761904761904
4,100,99.08823529411765,128.64705882352942
4,101,131.02702702702703,129.21621621621622
4,102,5.294117647058823,133.05882352941177
4,103,46.95,135.8
4,104,46.89473684210526,135.6315789473684
4,105,160.13793103448276,140.0344827586207
4,106,110.83333333333333,142.47916666666666
4,107,28.725,147.7
4,108,69.54545454545455,143.12121212121212
4,109,20.428571428571427,147.71428571428572
4,110,98.625,144.21875
4,112,164.0,150.8846153846154
4,113,35.5,153.8846153846154
4,114,115.33333333333333,153.56666666666666
4,115,137.0,150.66666666666666
4,116,55.37931034482759,154.06896551724137
4,117,149.36363636363637,153.5
4,118,74.33333333333333,156.74074074074073
4,119,163.1851851851852,157.88888888888889
4,120,87.25,157.5625
4,121,103.72413793103448,155.58620689655172
4,122,39.05128205128205,158.12820512820514
4,123,140.86111111111111,161.58333333333334
4,124,16.323529411764707,158.38235294117646
4,126,76.54054054054055,167.21621621621622
4,127,97.56756756756756,168.24324324324326
4,128,129.07407407407408,167.44444444444446
4,129,36.142857142857146,167.0
4,130,62.55172413793103,170.10344827586206
4,132,48.714285714285715,170.35714285714286
4,133,111.86666666666666,176.63333333333333
4,135,100.26315789473684,177.47368421052633
4,136,163.48275862068965,178.58620689655172
4,137,30.09375,180.78125
4,138,55.58536585365854,184.46341463414635
4,139,138.14705882352942,180.41176470588235
4,140,148.0857142857143,181.68571428571428
4,141,88.94594594594595,184.40540540540542
4,142,43.361111111111114,182.69444444444446
4,143,29.548387096774192,186.58064516129033
4,144,78.10526315789474,187.57894736842104
5,3,128.85714285714286,3.5
5,4,109.9090909090909,6.757575757575758
5,6,70.0,7.0
5,7,50.43396226415094,10.20754716981132
5,8,161.59375,15.3125
5,9,33.0,11.916666666666666
5,10,173.55555555555554,16.40740740740741
5,12,128.55555555555554,14.61111111111111
5,13,103.89655172413794,16.0
5,15,144.44444444444446,18.88888888888889
5,16,15.636363636363637,21.060606060606062
5,17,134.90322580645162,20.483870967741936
5,19,103.96428571428571,16.035714285714285
5,21,156.95833333333334,24.041666666666668
5,22,41.11764705882353,27.41176470588235
5,24,53.62162162162162,29.783783783783782
5,25,85.77142857142857,33.08571428571429
5,26,37.291666666666664,37.583333333333336
5,27,102.5,36.5
5,28,119.625,38.0
5,29,134.81578947368422,34.60526315789474
5,30,5.857142857142857,37.714285714285715
5,31,16.424242424242426,34.57575757575758
5,32,85.875,33.03125
5,33,63.666666666666664,48.333333333333336
5,34,24.09259259259259,42.333333333333336
5,35,58.516129032258064,39.903225806451616
5,36,165.92307692307693,45.46153846153846
5,37,148.85185185185185,42.111111111111114
5,38,2.2916666666666665,47.541666666666664
5,39,71.83783783783784,45.16216216216216
5,40,113.0625,37.6875
5,41,30.77777777777778,54.75
5,42,84.08108108108108,54.7027027027027
5,43,105.0,53.0
5,44,13.515151515151516,56.63636363636363
5,45,134.40625,51.40625
5,46,150.08,52.32
5,47,22.847457627118644,63.152542372881356
5,48,89.03846153846153,59.15384615384615
5,50,120.92857142857143,59.95238095238095
5,51,136.06666666666666,61.6
5,52,38.24324324324324,65.21621621621621
5,53,23.18867924528302,63.43396226415094
5,54,2.4473684210526314,67.44736842105263
5,55,49.088235294117645,60.6764705882353
5,56,101.54285714285714,62.65714285714286
5,57,72.975,67.75
5,58,58.1,67.225
5,59,59.977777777777774,73.42222222222222
5,60,97.8048780487805,77.63414634146342
5,61,121.05,59.825
5,62,152.3235294117647,74.23529411764706
5,63,166.11111111111111,75.44444444444444
5,64,39.696969696969695,77.9090909090909
5,66,81.97142857142858,77.68571428571428
5,67,11.333333333333334,76.2
5,68,116.14285714285714,80.42857142857143
5,69,2.34375,85.625
5,70,68.53703703703704,85.62962962962963
5,71,160.5,85.5
5,72,93.80327868852459,87.34426229508196
5,73,172.31428571428572,85.74285714285715
5,74,107.31481481481481,94.85185185185185
5,75,67.375,91.625
5,76,135.3181818181818,88.20454545454545
5,77,56.5,103.85714285714286
5,78,99.125,97.0
5,79,86.72093023255815,97.18604651162791
5,80,157.66666666666666,97.04166666666667
5,82,56.51724137931034,103.75862068965517
5,83,8.9,104.96666666666667
5,84,20.88888888888889,113.69444444444444
5,85,67.6,103.2
5,86,148.44,105.12
5,87,173.62962962962962,107.03703703703704
5,88,85.4074074074074,109.92592592592592
5,89,162.3939393939394,104.75757575757575
5,91,131.94,124.09
5,92,152.8,112.44
5,93,96.94339622641509,122.16981132075472
5,95,66.75862068965517,116.20689655172414
5,96,162.85714285714286,130.1904761904762
5,97,24.44736842105263,133.68421052631578
5,98,145.80645161290323,128.96774193548387
5,99,80.85526315789474,131.56578947368422
5,100,99.56756756756756,127.54054054054055
5,101,131.46153846153845,129.69230769230768
5,102,5.218181818181818,133.0
5,103,46.48,137.16
5,104,46.76190476190476,137.28571428571428
5,105,159.77777777777777,139.74074074074073
5,106,109.75510204081633,142.28571428571428
5,107,31.5,145.5
5,108,68.54545454545455,143.12121212121212
5,109,19.54054054054054,148.32432432432432
5,110,97.73529411764706,143.55882352941177
5,112,163.59259259259258,151.92592592592592
5,113,35.5625,153.875
5,114,117.625,152.45833333333334
5,115,140.03571428571428,149.60714285714286
5,116,54.54838709677419,153.3548387096774
5,117,149.2962962962963,152.96296296296296
5,118,72.06896551724138,157.48275862068965
5,119,165.1153846153846,157.92307692307693
5,120,87.48387096774194,157.41935483870967
5,121,104.41935483870968,154.93548387096774
5,122,39.04651162790697,157.8372093023256
5,123,139.68571428571428,163.37142857142857
5,124,17.838709677419356,159.70967741935485
5,126,76.1951219512195,167.70731707317074
5,127,98.80555555555556,168.30555555555554
5,128,128.96428571428572,166.71428571428572
5,129,35.75757575757576,167.03030303030303
5,130,62.87096774193548,170.67741935483872
5,132,51.09090909090909,168.9090909090909
5,133,112.41935483870968,178.25806451612902
5,135,97.8,177.5
5,136,164.51724137931035,178.41379310344828
5,137,29.83783783783784,180.54054054054055
5,138,55.63157894736842,185.47368421052633
5,139,137.1875,180.1875
5,140,148.6451612903226,180.70967741935485
5,141,89.78378378378379,184.54054054054055
5,142,42.15384615384615,182.48717948717947
5,143,28.967741935483872,186.83870967741936
5,144,78.14285714285714,188.07142857142858
6,3,129.36363636363637,3.5
6,4,109.82352941176471,6.676470588235294
6,6,71.11111111111111,7.037037037037037
6,7,43.36666666666667,8.566666666666666
6,8,161.89655172413794,15.862068965517242
6,9,32.43181818181818,12.113636363636363
6,10,173.8148148148148,16.14814814814815
6,12,128.8095238095238,15.714285714285714
6,13,103.80555555555556,16.72222222222222
6,15,144.9090909090909,19.90909090909091
6,16,13.933333333333334,21.166666666666668
6,17,135.56,20.08
6,19,103.82352941176471,16.705882352941178
6,21,155.26923076923077,25.653846153846153
6,22,33.95,25.75
6,24,53.0,29.435897435897434
6,25,87.5,33.5
6,26,39.53333333333333,38.422222222222224
6,27,102.17647058823529,38.44117647058823
6,28,118.95348837209302,39.13953488372093
6,29,135.74418604651163,34.395348837209305
6,30,5.264705882352941,38.029411764705884
6,31,17.1,34.2
6,32,87.5,33.5
6,33,64.3529411764706,47.3235294117647
6,34,23.615384615384617,43.0
6,35,57.5,40.5
6,36,166.84375,45.15625
6,37,149.96875,43.09375
6,38,1.826086956521739,47.0
6,39,71.26470588235294,46.6764705882353
6,40,112.6923076923077,37.53846153846154
6,41,31.942857142857143,55.48571428571429
6,42,84.13513513513513,55.054054054054056
6,43,108.09375,53.0625
6,44,12.1,57.166666666666664
6,45,134.0909090909091,51.57575757575758
6,46,151.03571428571428,52.964285714285715
6,47,22.859649122807017,63.89473684210526
6,48,90.09677419354838,57.38709677419355
6,50,121.14285714285714,60.19047619047619
6,51,135.72,61.72
6,52,37.05882352941177,67.38235294117646
6,53,23.367346938775512,64.34693877551021
6,54,2.1944444444444446,67.19444444444444
6,55,50.93333333333333,59.1
6,56,102.02564102564102,62.48717948717949
6,57,72.36111111111111,67.97222222222223
6,58,58.1,67.225
6,59,59.609756097560975,74.3170731707317
6,60,97.78048780487805,77.85365853658537
6,61,121.175,60.15
6,62,153.0,75.5
6,63,165.69444444444446,75.69444444444444
6,64,39.64705882352941,77.5
6,66,82.375,77.625
6,67,11.066666666666666,75.93333333333334
6,68,117.76923076923077,81.38461538461539
6,69,2.3714285714285714,85.31428571428572
6,70,68.74509803921569,86.7843137254902
6,71,159.91666666666666,85.75
6,72,92.80327868852459,87.22950819672131
6,73,171.94285714285715,85.57142857142857
6,74,108.23076923076923,94.65384615384616
6,75,66.44444444444444,92.16666666666667
6,76,136.0,86.5
6,77,55.93939393939394,104.42424242424242
6,78,97.6,95.96
6,79,86.47826086956522,97.8695652173913
6,80,157.3548387096774,96.38709677419355
6,82,55.91428571428571,104.4
6,83,9.444444444444445,104.92592592592592
6,84,18.86111111111111,113.47222222222223
6,85,64.875,103.875
6,86,148.92857142857142,107.10714285714286
6,87,173.55172413793105,107.37931034482759
6,88,85.38888888888889,109.38888888888889
6,89,161.41379310344828,104.55172413793103
6,91,132.69158878504672,124.99065420560747
6,92,152.40740740740742,113.0
6,93,97.16666666666667,122.12962962962963
6,95,67.51515151515152,114.9090909090909
6,96,164.72727272727272,130.5909090909091
6,97,24.044444444444444,134.15555555555557
6,98,145.46875,128.8125
6,99,80.98765432098766,131.60493827160494
6,100,100.77142857142857,126.08571428571429
6,101,132.17073170731706,130.1219512195122
6,102,4.338709677419355,133.16129032258064
6,103,46.041666666666664,138.16666666666666
6,104,46.041666666666664,138.16666666666666
6,105,159.61290322580646,140.61290322580646
6,106,109.57142857142857,141.20408163265307
6,107,34.588235294117645,140.11764705882354
6,108,67.3030303030303,142.54545454545453
6,109,18.97142857142857,148.6
6,110,97.36363636363636,143.75757575757575
6,112,162.8,151.9
6,113,32.3448275862069,154.58620689655172
6,114,118.77777777777777,151.25925925925927
6,115,140.85185185185185,149.59259259259258
6,116,54.064516129032256,155.19354838709677
6,117,149.37037037037038,152.14814814814815
6,118,70.35897435897436,158.28205128205127
6,119,166.8,157.28
6,120,88.48387096774194,157.51612903225808
6,121,104.70967741935483,154.29032258064515
6,122,38.369565217391305,157.91304347826087
6,123,138.94444444444446,160.61111111111111
6,124,15.756756756756756,160.3783783783784
6,126,76.41025641025641,168.51282051282053
6,127,99.0,168.5
6,128,129.5,168.0
6,129,35.52777777777778,167.25
6,130,63.57575757575758,171.57575757575756
6,132,51.31818181818182,170.6818181818182
6,133,111.55555555555556,180.11111111111111
6,135,94.76190476190476,178.28571428571428
6,136,165.63636363636363,179.8181818181818
6,137,29.666666666666668,181.08333333333334
6,138,55.94444444444444,186.22222222222223
6,139,136.9375,180.09375
6,140,149.02777777777777,181.19444444444446
6,141,89.6,183.95
6,142,41.75675675675676,183.3783783783784
6,143,28.29032258064516,186.4516129032258
6,144,78.5,188.5
7,3,128.85714285714286,3.5
7,4,110.5,7.0
7,6,69.6,8.085714285714285
7,7,36.0,9.0
7,7,38.5,9.5
7,7,30.609756097560975,14.024390243902438
7,7,37.0,11.666666666666666
7,7,40.0,11.0
7,8,161.5,16.0
7,9,30.41304347826087,13.826086956521738
7,10,173.51724137931035,14.862068965517242
7,12,129.0909090909091,15.909090909090908
7,13,104.63636363636364,16.939393939393938
7,15,145.45454545454547,21.363636363636363
7,16,12.838709677419354,21.096774193548388
7,17,136.37037037037038,20.703703703703702
7,19,104.6875,16.8125
7,21,155.73333333333332,26.8
7,22,29.25,28.4375
7,24,52.0,30.0
7,25,87.78048780487805,33.24390243902439
7,26,40.48780487804878,37.951219512195124
7,27,102.8125,38.59375
7,28,118.45,40.675
7,29,137.0681818181818,34.38636363636363
7,30,4.7,37.925
7,31,17.257142857142856,34.114285714285714
7,32,87.9375,32.9375
7,33,64.21052631578948,46.39473684210526
7,34,23.022222222222222,43.666666666666664
7,35,58.0,40.61290322580645
7,36,167.36,44.48
7,37,149.90625,42.9375
7,38,2.3333333333333335,47.77777777777778
7,39,71.44736842105263,46.21052631578947
7,40,111.33333333333333,38.266666666666666
7,41,32.142857142857146,55.8
7,42,84.51515151515152,55.21212121212121
7,43,110.5,52.4
7,44,10.96774193548387,57.74193548387097
7,45,134.09375,51.28125
7,46,151.09677419354838,52.74193548387097
7,47,20.208333333333332,62.791666666666664
7,48,92.16666666666667,56.43333333333333
7,50,121.47727272727273,61.20454545454545
7,51,135.625,61.75
7,52,35.47222222222222,68.97222222222223
7,53,24.266666666666666,64.36666666666666
7,54,2.7777777777777777,68.5
7,55,51.064516129032256,57.87096774193548
7,56,101.51351351351352,62.810810810810814
7,57,71.8529411764706,67.73529411764706
7,58,56.976190476190474,67.21428571428571
7,59,59.08510638297872,74.72340425531915
7,60,98.16666666666667,78.04761904761905
7,61,121.53658536585365,61.19512195121951
7,62,153.0,76.0
7,63,165.2888888888889,75.68888888888888
7,64,41.8,77.5
7,66,82.3157894736842,77.60526315789474
7,67,11.5,76.0
7,68,119.1951219512195,80.7560975609756
7,69,2.0,85.5
7,70,66.20454545454545,87.75
7,71,158.66666666666666,85.86666666666666
7,72,93.38461538461539,87.58461538461539
7,73,171.0,85.0
7,74,107.57407407407408,93.53703703703704
7,75,69.25,92.65
7,76,134.9512195121951,84.85365853658537
7,77,55.36666666666667,105.36666666666666
7,78,98.6,96.24
7,79,86.4,98.57777777777778
7,80,157.5483870967742,96.35483870967742
7,82,55.5,105.5
7,83,10.0,105.0
7,84,16.305555555555557,111.83333333333333
7,86,147.56,105.12
7,87,173.6551724137931,106.58620689655173
7,88,85.0,109.82608695652173
7,89,160.6060606060606,104.75757575757575
7,91,132.54368932038835,125.46601941747574
7,92,150.4814814814815,111.62962962962963
7,93,97.3103448275862,122.56896551724138
7,95,66.96666666666667,114.9
7,96,165.5,130.5
7,97,23.8,133.925
7,98,148.5,128.0
7,99,80.78666666666666,130.98666666666668
7,100,102.125,125.1875
7,101,132.16216216216216,130.78378378378378
7,102,3.482142857142857,132.60714285714286
7,103,47.42307692307692,135.73076923076923
7,104,47.36,135.64
7,105,160.29032258064515,139.7741935483871
7,106,110.41666666666667,140.58333333333334
7,107,35.75,139.08333333333334
7,108,66.8108108108108,142.97297297297297
7,109,18.705882352941178,149.41176470588235
7,110,96.52777777777777,143.36111111111111
7,112,163.41379310344828,151.27586206896552
7,113,29.82857142857143,155.22857142857143
7,114,118.72727272727273,149.6060606060606
7,115,140.3793103448276,152.20689655172413
7,116,54.14705882352941,153.85294117647058
7,117,148.75,151.35714285714286
7,118,68.65625,159.46875
7,119,166.96428571428572,156.92857142857142
7,120,92.93939393939394,158.57575757575756
7,121,104.63333333333334,153.63333333333333
7,122,38.21568627450981,157.58823529411765
7,123,139.16216216216216,161.32432432432432
7,124,14.736842105263158,161.71052631578948
7,126,75.97619047619048,168.0952380952381
7,127,100.53658536585365,168.3170731707317
7,128,129.5,168.5
7,129,35.55555555555556,167.61111111111111
7,130,62.282051282051285,172.10256410256412
7,132,48.5,167.30769230769232
7,133,112.0909090909091,181.21212121212122
7,135,94.0,179.5
7,136,166.9,180.96666666666667
7,137,28.333333333333332,180.91666666666666
7,138,56.80487804878049,186.73170731707316
7,139,136.68571428571428,179.34285714285716
7,140,148.8421052631579,181.8421052631579
7,141,89.77777777777777,183.05555555555554
7,142,39.833333333333336,182.95238095238096
7,143,26.896551724137932,185.75862068965517
7,144,79.22222222222223,188.55555555555554
8,3,127.93333333333334,3.433333333333333
8,4,109.57894736842105,5.184210526315789
8,6,67.625,11.125
8,7,30.333333333333332,13.755555555555556
8,8,161.76666666666668,16.833333333333332
8,9,30.27777777777778,13.851851851851851
8,10,173.85714285714286,15.142857142857142
8,12,129.9090909090909,18.09090909090909
8,13,105.0,17.225806451612904
8,15,145.66666666666666,22.0
8,16,11.771428571428572,20.914285714285715
8,17,136.23809523809524,21.333333333333332
8,19,105.0909090909091,17.303030303030305
8,21,156.2,27.36
8,22,34.588235294117645,28.11764705882353
8,24,49.525,30.925
8,25,89.23255813953489,32.53488372093023
8,26,40.52272727272727,38.09090909090909
8,27,103.25,38.65625
8,28,118.48780487804878,41.41463414634146
8,29,137.5952380952381,34.285714285714285
8,30,3.375,38.275
8,31,17.55263157894737,34.078947368421055
8,32,89.33333333333333,32.523809523809526
8,33,64.05128205128206,46.41025641025641
8,34,23.719298245614034,44.75438596491228
8,35,57.57142857142857,41.02857142857143
8,36,167.76923076923077,43.5
8,37,150.59459459459458,43.54054054054054
8,39,71.6923076923077,46.84615384615385
8,40,112.5,38.0
8,41,35.0,56.911764705882355
8,42,84.44117647058823,55.1764705882353
8,43,114.41935483870968,50.83870967741935
8,44,9.8,58.48571428571429
8,45,133.90322580645162,51.516129032258064
8,46,151.3,52.2
8,47,20.08695652173913,61.78260869565217
8,48,93.78787878787878,55.36363636363637
8,50,121.06976744186046,62.25581395348837
8,51,135.92307692307693,60.80769230769231
8,52,32.52777777777778,70.94444444444444
8,53,24.2972972972973,63.45945945945946
8,54,3.054054054054054,67.5945945945946
8,55,50.62068965517241,56.241379310344826
8,56,102.1875,61.90625
8,57,71.35897435897436,66.23076923076923
8,58,55.857142857142854,66.80952380952381
8,59,59.02040816326531,76.51020408163265
8,60,99.07692307692308,77.43589743589743
8,61,121.09756097560975,62.26829268292683
8,62,154.92105263157896,76.21052631578948
8,63,164.97619047619048,75.33333333333333
8,64,44.5,78.77777777777777
8,66,81.41463414634147,76.26829268292683
8,67,11.84375,76.09375
8,68,120.08888888888889,81.95555555555555
8,69,2.324324324324324,85.1891891891892
8,70,66.36585365853658,88.46341463414635
8,71,158.61363636363637,85.79545454545455
8,72,91.42424242424242,86.62121212121212
8,73,170.88636363636363,85.20454545454545
8,74,107.54901960784314,93.3529411764706
8,75,71.03846153846153,92.34615384615384
8,76,133.89743589743588,84.6923076923077
8,77,55.625,106.625
8,78,99.35714285714286,94.82142857142857
8,79,86.6923076923077,100.15384615384616
8,80,157.63333333333333,96.26666666666667
8,82,55.457142857142856,106.82857142857142
8,83,10.903225806451612,103.19354838709677
8,84,13.487804878048781,112.85365853658537
8,86,146.64705882352942,104.47058823529412
8,87,173.94117647058823,105.44117647058823
8,88,84.3913043478261,108.21739130434783
8,89,160.74285714285713,103.8
8,91,133.0,125.49074074074075
8,92,150.0,108.51724137931035
8,93,97.65,121.75
8,95,67.5,115.30555555555556
8,96,161.66666666666666,129.41666666666666
8,97,30.842105263157894,131.57894736842104
8,98,149.0,126.0
8,99,80.28947368421052,131.51315789473685
8,100,103.75757575757575,124.18181818181819
8,101,132.53846153846155,130.7948717948718
8,102,3.0,132.71428571428572
8,103,48.65384615384615,133.57692307692307
8,104,48.52173913043478,133.34782608695653
8,105,161.0,139.5
8,106,111.20833333333333,140.14583333333334
8,107,37.05882352941177,139.08823529411765
8,108,66.08108108108108,143.43243243243242
8,109,20.944444444444443,152.05555555555554
8,110,95.75675675675676,143.75675675675674
8,112,163.7741935483871,150.80645161290323
8,113,28.575757575757574,155.6060606060606
8,114,118.45714285714286,150.6
8,115,140.0,153.5
8,116,54.03030303030303,151.6060606060606
8,117,148.5,151.5
8,118,68.575,159.65
8,119,166.96428571428572,157.67857142857142
8,120,94.36363636363636,158.72727272727272
8,121,105.5,152.5
8,122,37.61702127659574,156.5531914893617
8,123,138.9142857142857,162.82857142857142
8,124,13.552631578947368,162.1578947368421
8,126,76.775,166.55
8,127,100.94736842105263,168.1578947368421
8,128,128.16666666666666,167.93333333333334
8,129,35.888888888888886,167.05555555555554
8,130,61.3421052631579,171.94736842105263
8,132,48.5,165.77777777777777
8,133,111.96969696969697,182.24242424242425
8,135,94.22222222222223,181.27777777777777
8,136,168.17142857142858,182.34285714285716
8,137,27.305555555555557,181.19444444444446
8,138,57.06060606060606,187.21212121212122
8,139,137.3783783783784,179.2972972972973
8,140,149.15384615384616,181.97435897435898
8,141,89.80645161290323,183.3548387096774
8,142,39.214285714285715,183.02380952380952
8,143,25.12121212121212,186.1818181818182
8,144,79.22222222222223,188.55555555555554
9,3,127.89655172413794,4.0344827586206895
9,4,110.0,4.882352941176471
9,6,69.74418604651163,10.465116279069768
9,8,161.5,17.0
9,9,29.764705882352942,14.117647058823529
9,10,174.5625,14.78125
9,12,130.03571428571428,19.107142857142858
9,13,104.34375,18.15625
9,15,145.33333333333334,23.0
9,16,11.5,20.5
9,17,135.82608695652175,23.347826086956523
9,19,104.34375,18.15625
9,21,156.2,26.88
9,22,31.41176470588235,25.705882352941178
9,24,48.51282051282051,32.12820512820513
9,25,89.5,32.578947368421055
9,26,41.2,38.86
9,27,103.25,39.125
9,28,118.31818181818181,42.29545454545455
9,29,138.2173913043478,34.30434782608695
9,30,3.2051282051282053,38.56410256410256
9,31,17.825,33.8
9,32,89.5,32.578947368421055
9,33,64.6,46.8
9,34,23.553571428571427,44.714285714285715
9,35,58.11764705882353,40.1764705882353
9,36,168.2058823529412,42.23529411764706
9,37,151.8181818181818,43.0
9,39,72.43589743589743,47.0
9,40,112.5,38.5
9,41,36.43589743589744,58.76923076923077
9,42,82.63636363636364,54.90909090909091
9,43,119.11538461538461,48.30769230769231
9,44,8.727272727272727,58.333333333333336
9,45,136.53125,48.3125
9,46,152.06896551724137,51.62068965517241
9,47,19.548387096774192,61.935483870967744
9,48,94.57575757575758,54.84848484848485
9,50,121.23404255319149,62.91489361702128
9,51,135.86206896551724,60.89655172413793
9,52,29.464285714285715,74.75
9,53,24.833333333333332,62.93333333333333
9,54,3.7142857142857144,68.05714285714286
9,55,53.625,54.9375
9,56,100.82352941176471,62.3235294117647
9,57,71.68181818181819,64.68181818181819
9,58,53.57142857142857,67.71428571428571
9,59,58.339622641509436,77.56603773584905
9,60,99.71794871794872,75.8974358974359
9,61,121.2051282051282,62.666666666666664
9,62,155.53846153846155,76.02564102564102
9,63,164.44444444444446,75.4
9,64,45.6875,79.9375
9,66,80.83783783783784,76.0
9,67,11.129032258064516,76.03225806451613
9,68,119.72727272727273,81.63636363636364
9,69,2.8055555555555554,85.80555555555556
9,70,66.31818181818181,89.43181818181819
9,71,158.44897959183675,85.83673469387755
9,72,89.48529411764706,85.75
9,73,171.1,86.65
9,74,105.33898305084746,92.96610169491525
9,75,73.0,92.5
9,76,133.5,82.5
9,77,55.38709677419355,108.54838709677419
9,78,100.04761904761905,97.61904761904762
9,79,84.6875,99.9375
9,80,159.16666666666666,96.33333333333333
9,82,55.05263157894737,108.76315789473684
9,83,4.052631578947368,105.15789473684211
9,84,11.657894736842104,113.55263157894737
9,86,146.91304347826087,107.78260869565217
9,87,174.24242424242425,106.0
9,88,84.08333333333333,107.91666666666667
9,89,161.0625,103.78125
9,91,133.76363636363635,125.50909090909092
9,92,151.24,109.6
9,93,98.26315789473684,121.2280701754386
9,95,62.45945945945946,117.35135135135135
9,96,162.6551724137931,129.72413793103448
9,97,36.48,131.12
9,98,148.88235294117646,126.41176470588235
9,99,79.86046511627907,131.03488372093022
9,100,105.68571428571428,124.02857142857142
9,101,133.39473684210526,130.8684210526316
9,102,3.262295081967213,132.9672131147541
9,103,47.416666666666664,128.45833333333334
9,104,47.36363636363637,128.5
9,105,161.94285714285715,138.2
9,106,111.66666666666667,140.22916666666666
9,107,36.45238095238095,138.16666666666666
9,108,65.22857142857143,144.11428571428573
9,109,20.70731707317073,153.34146341463415
9,110,94.91176470588235,143.85294117647058
9,112,164.41379310344828,151.06896551724137
9,113,28.37142857142857,155.6
9,114,119.0,154.0
9,115,139.93333333333334,153.93333333333334
9,116,54.225806451612904,149.16129032258064
9,117,148.90625,151.65625
9,118,68.38888888888889,160.16666666666666
9,119,165.8,157.83333333333334
9,120,93.25925925925925,158.40740740740742
9,121,106.375,151.5
9,122,36.6,155.9111111111111
9,123,136.9512195121951,161.2439024390244
9,124,12.947368421052632,161.71052631578948
9,126,76.76190476190476,166.54761904761904
9,127,100.825,168.025
9,128,128.63333333333333,168.83333333333334
9,129,34.888888888888886,167.05555555555554
9,130,61.54838709677419,171.90322580645162
9,132,49.041666666666664,166.875
9,133,112.06060606060606,182.57575757575756
9,135,94.47058823529412,181.7058823529412
9,136,169.55172413793105,183.27586206896552
9,137,25.894736842105264,183.6578947368421
9,138,57.645161290322584,187.6451612903226
9,139,137.56410256410257,179.53846153846155
9,140,149.30555555555554,181.08333333333334
9,141,89.75,182.375
9,142,40.19047619047619,184.4047619047619
9,143,21.62962962962963,187.5185185185185
10,3,127.83870967741936,4.064516129032258
10,4,110.0,3.793103448275862
10,6,69.09302325581395,11.348837209302326
10,8,161.14814814814815,17.11111111111111
10,9,27.770833333333332,14.6875
10,10,174.84375,15.65625
10,12,130.29032258064515,19.322580645161292
10,13,104.23076923076923,18.17948717948718
10,15,144.875,23.333333333333332
10,16,10.333333333333334,20.88888888888889
10,17,135.5,24.1875
10,19,104.08108108108108,18.243243243243242
10,21,155.84615384615384,26.653846153846153
10,22,26.7,25.5
10,24,46.861111111111114,32.916666666666664
10,25,89.8936170212766,31.829787234042552
10,26,41.3125,39.583333333333336
10,27,102.97222222222223,38.22222222222222
10,28,118.56818181818181,43.20454545454545
10,29,138.95744680851064,34.0
10,30,2.8285714285714287,38.57142857142857
10,31,17.272727272727273,34.39393939393939
10,32,90.08695652173913,31.73913043478261
10,33,64.58333333333333,46.47222222222222
10,34,24.20754716981132,45.16981132075472
10,35,57.0,38.285714285714285
10,36,169.0,42.0
10,37,154.86111111111111,43.611111111111114
10,39,73.27906976744185,47.44186046511628
10,40,110.46666666666667,39.266666666666666
10,41,38.39393939393939,59.81818181818182
10,42,83.25,54.0625
10,43,122.86206896551724,46.89655172413793
10,44,8.214285714285714,58.964285714285715
10,45,138.4,45.04
10,46,151.82758620689654,52.724137931034484
10,47,18.705882352941178,61.294117647058826
10,48,95.21875,54.46875
10,50,121.61224489795919,63.55102040816327
10,51,136.51724137931035,61.724137931034484
10,52,28.5,77.11764705882354
10,53,24.885714285714286,62.74285714285714
10,54,3.763157894736842,68.60526315789474
10,55,55.361111111111114,55.05555555555556
10,56,98.82352941176471,62.3235294117647
10,57,71.88888888888889,64.53333333333333
10,58,51.595238095238095,68.02380952380952
10,59,57.113207547169814,77.98113207547169
10,60,99.5,75.5
10,61,121.61224489795919,63.55102040816327
10,62,155.61363636363637,77.0909090909091
10,63,163.82222222222222,74.75555555555556
10,64,45.92857142857143,78.85714285714286
10,66,80.21951219512195,75.70731707317073
10,67,11.482758620689655,78.13793103448276
10,68,120.0,82.0
10,69,2.5365853658536586,87.07317073170732
10,70,67.18367346938776,89.6938775510204
10,71,157.51162790697674,85.48837209302326
10,72,89.06756756756756,86.0945945945946
10,73,170.85714285714286,86.19047619047619
10,74,102.48333333333333,91.13333333333334
10,75,74.3,92.75
10,76,131.66666666666666,81.86666666666666
10,77,54.42857142857143,110.08571428571429
10,78,100.46153846153847,96.84615384615384
10,79,85.0,96.5
10,80,158.58823529411765,96.20588235294117
10,82,54.432432432432435,110.08108108108108
10,83,4.368421052631579,103.73684210526316
10,84,9.731707317073171,114.51219512195122
10,86,147.0,109.0
10,87,174.16129032258064,106.74193548387096
10,88,83.92592592592592,108.4074074074074
10,89,161.28125,103.96875
10,91,134.83495145631068,125.79611650485437
10,92,151.0,109.625
10,93,97.9375,120.796875
10,95,64.46875,117.34375
10,96,163.1,130.03333333333333
10,97,36.0,134.14285714285714
10,98,148.02631578947367,126.07894736842105
10,99,80.42307692307692,130.1153846153846
10,100,106.83783783783784,124.05405405405405
10,101,134.40540540540542,130.7027027027027
10,102,3.5555555555555554,132.95238095238096
10,103,44.56,122.32
10,104,44.56521739130435,122.30434782608695
10,105,160.76315789473685,138.71052631578948
10,106,112.52,140.14
10,107,35.36666666666667,138.36666666666667
10,108,64.1025641025641,144.46153846153845
10,109,20.46511627906977,154.06976744186048
10,110,94.87096774193549,144.16129032258064
10,112,164.42424242424244,151.42424242424244
10,113,30.11764705882353,155.38235294117646
10,114,117.91428571428571,152.25714285714287
10,115,140.0,153.0
10,116,52.567567567567565,149.27027027027026
10,117,148.59259259259258,151.07407407407408
10,118,66.46153846153847,160.64102564102564
10,119,164.42857142857142,159.45714285714286
10,120,91.875,159.1875
10,121,106.42424242424242,150.42424242424244
10,122,38.0,156.0
10,123,136.58536585365854,160.5121951219512
10,124,11.88888888888889,162.47222222222223
10,126,76.16279069767442,166.2325581395349
10,127,101.5945945945946,167.8918918918919
10,128,128.375,168.9375
10,129,34.0,167.85294117647058
10,130,61.5,172.0
10,132,48.65,165.7
10,133,112.65625,182.5
10,135,95.0,183.125
10,136,169.9375,184.0625
10,137,25.89189189189189,186.0
10,138,57.857142857142854,187.57142857142858
10,139,136.68421052631578,180.26315789473685
10,140,149.56410256410257,180.53846153846155
10,141,90.5925925925926,182.1851851851852
10,142,41.48837209302326,185.2325581395349
10,143,21.75,188.41666666666666
11,3,127.80645161290323,3.3870967741935485
11,4,109.96774193548387,3.967741935483871
11,8,160.26470588235293,17.91176470588235
11,9,27.955555555555556,15.666666666666666
11,10,174.44444444444446,15.083333333333334
11,12,130.80645161290323,20.096774193548388
11,13,105.02564102564102,18.794871794871796
11,15,144.57894736842104,23.894736842105264
11,16,9.911764705882353,21.058823529411764
11,17,135.125,26.0625
11,19,105.02564102564102,18.794871794871796
11,21,154.92,27.56
11,22,20.533333333333335,20.333333333333332
11,24,47.63414634146341,32.073170731707314
11,25,89.5,32.0
11,26,42.16326530612245,40.48979591836735
11,27,103.88571428571429,38.74285714285714
11,28,118.97142857142858,43.34285714285714
11,29,138.9,34.92
11,30,2.3870967741935485,37.83870967741935
11,31,17.705882352941178,35.088235294117645
11,32,89.5,32.0
11,33,64.5,46.5
11,34,25.215686274509803,44.78431372549019
11,35,57.833333333333336,37.916666666666664
11,36,169.79310344827587,42.0
11,37,156.75,44.388888888888886
11,39,74.05263157894737,47.94736842105263
11,40,109.35714285714286,40.57142857142857
11,41,39.5,60.8125
11,42,86.14285714285714,53.07142857142857
11,43,121.64516129032258,46.58064516129032
11,44,6.7368421052631575,58.0
11,45,136.03225806451613,48.193548387096776
11,46,151.06451612903226,52.87096774193548
11,47,18.363636363636363,60.24242424242424
11,48,96.08823529411765,54.61764705882353
11,50,121.5,64.88
11,51,135.03125,62.75
11,52,27.636363636363637,77.57575757575758
11,53,25.324324324324323,63.513513513513516
11,54,1.8181818181818181,68.12121212121212
11,55,54.911764705882355,54.64705882352941
11,56,97.55555555555556,63.138888888888886
11,57,71.73333333333333,64.97777777777777
11,58,49.72093023255814,68.53488372093024
11,59,56.716981132075475,78.11320754716981
11,60,98.07142857142857,73.14285714285714
11,62,155.4375,77.10416666666667
11,63,162.4,73.12
11,64,46.0,77.6923076923077
11,66,79.92105263157895,76.0
11,67,11.241379310344827,78.72413793103448
11,68,120.91304347826087,82.6086956521739
11,69,2.3157894736842106,87.39473684210526
11,70,64.8,89.0
11,71,157.45833333333334,85.875
11,72,88.66666666666667,86.375
11,73,172.0487804878049,86.39024390243902
11,74,105.37037037037037,91.87037037037037
11,75,72.34615384615384,89.3076923076923
11,78,100.56,96.8
11,79,83.375,95.75
11,80,158.6764705882353,96.3529411764706
11,82,54.725,111.55
11,83,3.75,103.15
11,84,9.225,114.65
11,86,146.16129032258064,107.7741935483871
11,87,174.34375,106.78125
11,88,84.03846153846153,108.6923076923077
11,89,162.23333333333332,105.36666666666666
11,91,136.03669724770643,125.4954128440367
11,92,150.11764705882354,107.61764705882354
11,93,98.30508474576271,120.33898305084746
11,95,65.02857142857142,117.17142857142858
11,96,164.0,130.80769230769232
11,97,33.421052631578945,133.78947368421052
11,98,150.5,126.86111111111111
11,99,80.12371134020619,130.28865979381445
11,100,107.05714285714286,123.34285714285714
11,101,135.7560975609756,129.8780487804878
11,102,4.861111111111111,132.72222222222223
11,103,43.53333333333333,117.76666666666667
11,104,43.5,117.5
11,105,160.8235294117647,138.3235294117647
11,106,113.07407407407408,140.3148148148148
11,107,34.74193548387097,138.09677419354838
11,108,63.911764705882355,144.5
11,109,21.266666666666666,155.06666666666666
11,110,95.09375,143.6875
11,112,165.11764705882354,150.7941176470588
11,113,30.40625,155.6875
11,114,118.29729729729729,152.48648648648648
11,115,139.23529411764707,151.91176470588235
11,116,51.9375,148.90625
11,117,148.92857142857142,151.03571428571428
11,118,66.97142857142858,160.25714285714287
11,119,162.45454545454547,160.84848484848484
11,120,93.26470588235294,159.7941176470588
11,121,105.5,149.5
11,122,41.76923076923077,157.23076923076923
11,123,137.06976744186048,161.48837209302326
11,124,12.205128205128204,163.35897435897436
11,126,76.48936170212765,165.29787234042553
11,127,102.8780487804878,167.97560975609755
11,128,128.65625,169.03125
11,129,34.05,167.05
11,130,60.56410256410256,172.07692307692307
11,132,48.04,165.76
11,133,111.88235294117646,183.5
11,135,96.85714285714286,182.92857142857142
11,136,170.03225806451613,184.19354838709677
11,137,24.095238095238095,186.95238095238096
11,138,58.5,188.0909090909091
11,139,136.43589743589743,181.46153846153845
11,140,148.725,181.3
11,141,90.88235294117646,181.35294117647058
11,142,42.390243902439025,185.90243902439025
12,3,127.7,3.05
12,4,111.0625,3.09375
12,8,159.45945945945945,16.864864864864863
12,9,27.933333333333334,16.444444444444443
12,10,175.71052631578948,15.710526315789474
12,12,130.625,20.28125
12,13,104.67647058823529,18.823529411764707
12,15,144.0909090909091,23.772727272727273
12,16,5.666666666666667,21.11111111111111
12,17,134.86363636363637,27.454545454545453
12,19,104.64102564102564,19.0
12,21,155.17241379310346,27.724137931034484
12,22,15.066666666666666,17.2
12,25,89.52173913043478,31.891304347826086
12,26,41.755102040816325,39.816326530612244
12,27,104.82857142857142,38.2
12,28,119.76190476190476,43.023809523809526
12,29,139.41304347826087,34.73913043478261
12,30,2.611111111111111,37.52777777777778
12,31,17.944444444444443,35.861111111111114
12,32,89.52173913043478,31.891304347826086
12,33,64.04878048780488,45.80487804878049
12,34,26.24074074074074,45.388888888888886
12,35,57.333333333333336,38.57575757575758
12,36,171.46428571428572,41.32142857142857
12,37,157.0857142857143,44.57142857142857
12,39,75.04761904761905,47.0
12,40,108.81818181818181,39.81818181818182
12,41,39.36363636363637,61.878787878787875
12,42,86.6,52.4
12,43,124.5,45.0
12,44,2.2,55.266666666666666
12,45,138.03333333333333,47.43333333333333
12,46,151.61290322580646,51.45161290322581
12,47,16.91891891891892,58.75675675675676
12,48,95.91176470588235,55.38235294117647
12,50,121.53191489361703,65.80851063829788
12,51,134.5151515151515,63.75757575757576
12,52,27.5,78.5
12,53,24.771428571428572,63.51428571428571
12,54,1.7714285714285714,66.48571428571428
12,55,55.285714285714285,54.0
12,56,97.66666666666667,63.94871794871795
12,57,71.71739130434783,65.8695652173913
12,58,49.2,69.62222222222222
12,59,55.97959183673469,78.57142857142857
12,60,97.0,72.1875
12,62,152.53061224489795,76.16326530612245
12,63,162.7,72.88
12,64,46.375,77.0
12,66,79.55,76.325
12,67,11.0,79.0
12,68,122.28571428571429,81.61224489795919
12,69,2.324324324324324,87.83783783783784
12,70,64.19607843137256,88.09803921568627
12,71,157.18367346938774,85.42857142857143
12,72,89.3108108108108,86.10810810810811
12,73,172.9111111111111,87.28888888888889
12,74,107.12068965517241,91.44827586206897
12,75,72.71428571428571,87.25
12,78,100.65384615384616,96.88461538461539
12,79,82.94594594594595,96.97297297297297
12,80,157.5,95.75
12,82,54.86046511627907,114.02325581395348
12,83,4.142857142857143,103.66666666666667
12,84,9.069767441860465,114.67441860465117
12,86,146.61290322580646,106.12903225806451
12,87,173.6,106.22857142857143
12,88,83.89655172413794,109.3103448275862
12,89,163.14285714285714,104.28571428571429
12,91,136.7927927927928,124.89189189189189
12,92,150.56,108.88
12,93,98.53333333333333,120.63333333333334
12,95,65.54545454545455,116.75757575757575
12,96,164.83870967741936,130.90322580645162
12,97,31.655172413793103,132.24137931034483
12,98,150.94871794871796,127.15384615384616
12,99,80.44444444444444,130.5222222222222
12,100,108.02941176470588,123.29411764705883
12,101,136.6,129.26666666666668
12,102,6.6521739130434785,132.30434782608697
12,103,42.5,114.5
12,104,42.5,114.5
12,105,161.35,137.925
12,106,113.8076923076923,140.1153846153846
12,107,34.516129032258064,137.7741935483871
12,108,63.2,144.25714285714287
12,109,21.41304347826087,155.41304347826087
12,110,95.8157894736842,143.92105263157896
12,112,165.6,150.8
12,113,32.0,158.0
12,114,119.05555555555556,153.22222222222223
12,115,138.3030303030303,151.15151515151516
12,116,50.911764705882355,147.26470588235293
12,117,148.63333333333333,150.96666666666667
12,118,67.25641025641026,160.17948717948718
12,119,158.58823529411765,162.02941176470588
12,120,94.28571428571429,159.0
12,121,105.92105263157895,148.05263157894737
12,122,44.5,156.77777777777777
12,123,138.47222222222223,163.13888888888889
12,124,11.076923076923077,162.82051282051282
12,126,75.55319148936171,165.4255319148936
12,127,104.07142857142857,166.8095238095238
12,128,128.65625,168.09375
12,129,34.78125,167.4375
12,130,59.56410256410256,171.7948717948718
12,132,46.42857142857143,166.14285714285714
12,133,111.68571428571428,184.4
12,135,96.0625,182.8125
12,136,169.80555555555554,184.80555555555554
12,137,22.489795918367346,186.6734693877551
12,138,57.81818181818182,188.1818181818182
12,139,136.07894736842104,182.28947368421052
12,140,149.5581395348837,181.41860465116278
12,141,90.42857142857143,179.94285714285715
12,142,40.255319148936174,185.2340425531915
